,visit,skyRotation,ra,decl
0,221579,87.1410661,54.0313858,-42.6420974
0,185782,359.3985914,53.0275937,-42.5787283
0,484329,140.1510642,53.8822804,-42.0797966
